{
  "hash": "9feac406",
  "configHash": "1989555a",
  "lockfileHash": "7fcabebe",
  "browserHash": "d710be3a",
  "optimized": {
    "@angular/common/http": {
      "src": "../../../../../../node_modules/@angular/common/fesm2022/http.mjs",
      "file": "@angular_common_http.js",
      "fileHash": "9ace047f",
      "needsInterop": false
    },
    "@angular/core": {
      "src": "../../../../../../node_modules/@angular/core/fesm2022/core.mjs",
      "file": "@angular_core.js",
      "fileHash": "fb5b23e7",
      "needsInterop": false
    },
    "@angular/platform-browser": {
      "src": "../../../../../../node_modules/@angular/platform-browser/fesm2022/platform-browser.mjs",
      "file": "@angular_platform-browser.js",
      "fileHash": "70481241",
      "needsInterop": false
    },
    "@angular/router": {
      "src": "../../../../../../node_modules/@angular/router/fesm2022/router.mjs",
      "file": "@angular_router.js",
      "fileHash": "3316d863",
      "needsInterop": false
    },
    "keycloak-angular": {
      "src": "../../../../../../node_modules/keycloak-angular/fesm2022/keycloak-angular.mjs",
      "file": "keycloak-angular.js",
      "fileHash": "c06a70bd",
      "needsInterop": false
    },
    "zone.js": {
      "src": "../../../../../../node_modules/zone.js/fesm2015/zone.js",
      "file": "zone__js.js",
      "fileHash": "b6e5499f",
      "needsInterop": true
    }
  },
  "chunks": {
    "chunk-S2DAZJMG": {
      "file": "chunk-S2DAZJMG.js"
    },
    "chunk-FFJ2J7QS": {
      "file": "chunk-FFJ2J7QS.js"
    },
    "chunk-4TFIW2OC": {
      "file": "chunk-4TFIW2OC.js"
    },
    "chunk-GPJTETKK": {
      "file": "chunk-GPJTETKK.js"
    },
    "chunk-WDMUDEB6": {
      "file": "chunk-WDMUDEB6.js"
    }
  }
}